회사명,종목코드,KOS
교보14호스팩,456490,kosdaq
이노시뮬레이션,274400,kosdaq
알멕,354320,kosdaq
오픈놀,440320,kosdaq
시큐센,232830,kosdaq
하나29호스팩,454640,kosdaq
KB제25호스팩,455250,kosdaq
엔에이치스팩29호,451700,kosdaq
하이제8호스팩,450050,kosdaq
프로테옴텍,303360,kosdaq
큐라티스,348080,kosdaq
마녀공장,439090,kosdaq
나라셀라,405920,kosdaq
진영,285800,kosdaq
기가비스,420770,kosdaq
팸텍,271830,kosdaq
모니터랩,434480,kosdaq
씨유박스,340810,kosdaq
키움제8호스팩,446840,kosdaq
트루엔,417790,kosdaq
에스바이오메딕스,304360,kosdaq
슈어소프트테크,298830,kosdaq
토마토시스템,393210,kosdaq
마이크로투나노,424980,kosdaq
셀바이오휴먼텍,318160,kosdaq
미래에셋비전스팩3호,448830,kosdaq
IBKS제22호스팩,448760,kosdaq
하나27호스팩,448370,kosdaq
지아이이노베이션,358570,kosdaq
LB인베스트먼트,309960,kosdaq
유안타제12호스팩,446150,kosdaq
엑스게이트,356680,kosdaq
미래에셋드림스팩1호,442900,kosdaq
금양그린파워,282720,kosdaq
라온텍,418420,kosdaq
엔에이치스팩28호,450410,kosdaq
자람테크놀로지,389020,kosdaq
하나26호스팩,446750,kosdaq
나노팀,417010,kosdaq
바이오인프라,199730,kosdaq
삼성스팩8호,448740,kosdaq
유안타제13호스팩,449020,kosdaq
미래에셋비전스팩2호,446190,kosdaq
이노진,344860,kosdaq
화인써키트,127980,kosdaq
제이오,418550,kosdaq
샌즈랩,411080,kosdaq
꿈비,407400,kosdaq
스튜디오미르,408900,kosdaq
삼기이브이,419050,kosdaq
오브젠,417860,kosdaq
미래반도체,254490,kosdaq
티이엠씨,425040,kosdaq
한주라이트메탈,198940,kosdaq
옵티코어,380540,kosdaq
신영스팩9호,445970,kosdaq
신스틸,162300,kosdaq
비엔케이제1호스팩,445360,kosdaq
IBKS제21호스팩,442770,kosdaq
엔에이치스팩27호,440820,kosdaq
핑거스토리,417180,kosdaq
SAMG엔터,419530,kosdaq
대신밸런스제14호스팩,442310,kosdaq
엔에이치스팩26호,439410,kosdaq
유진스팩9호,442130,kosdaq
대신밸런스제13호스팩,438220,kosdaq
펨트론,168360,kosdaq
인벤티지랩,389470,kosdaq
엔젯,419080,kosdaq
유비온,084440,kosdaq
티쓰리,204610,kosdaq
티에프이,425420,kosdaq
윤성에프앤씨,372170,kosdaq
디티앤씨알오,383930,kosdaq
뉴로메카,348340,kosdaq
제이아이테크,417500,kosdaq
엔에이치스팩25호,438580,kosdaq
케이비제23호스팩,440200,kosdaq
교보13호스팩,440790,kosdaq
큐알티,405100,kosdaq
IBKS제20호스팩,439730,kosdaq
저스템,417840,kosdaq
산돌,419120,kosdaq
삼성스팩7호,439250,kosdaq
플라즈맵,405000,kosdaq
엔에이치스팩24호,437780,kosdaq
핀텔,291810,kosdaq
하나금융25호스팩,435620,kosdaq
한국제11호스팩,436610,kosdaq
샤페론,378800,kosdaq
비스토스,419540,kosdaq
탑머티리얼,360070,kosdaq
에스비비테크,389500,kosdaq
오에스피,368970,kosdaq
모델솔루션,417970,kosdaq
이노룰스,296640,kosdaq
파인엠텍,441270,kosdaq
SK증권제8호스팩,435870,kosdaq
유안타제10호스팩,435380,kosdaq
선바이오,067370,kosdaq
더블유씨피,393890,kosdaq
알피바이오,314140,kosdaq
하나금융24호스팩,430230,kosdaq
한화플러스제3호스팩,430460,kosdaq
오픈엣지테크놀로지,394280,kosdaq
케이비제22호스팩,436530,kosdaq
하나금융23호스팩,427950,kosdaq
키움제7호스팩,433530,kosdaq
IBKS제19호스팩,426550,kosdaq
신영스팩8호,430220,kosdaq
대성하이텍,129920,kosdaq
에이치와이티씨,148930,kosdaq
새빗켐,107600,kosdaq
유안타제9호스팩,430700,kosdaq
신한제10호스팩,418210,kosdaq
아이씨에이치,368600,kosdaq
성일하이텍,365340,kosdaq
에이프릴바이오,397030,kosdaq
에이프릴바이오,397030,kosdaq
벨로크,424760,kosdaq
루닛,328130,kosdaq
HPSP,403870,kosdaq
와이씨켐,112290,kosdaq
코난테크놀로지,402030,kosdaq
넥스트칩,396270,kosdaq
삼성스팩6호,425290,kosdaq
엔에이치스팩23호,422040,kosdaq
교보12호스팩,421800,kosdaq
레이저쎌,412350,kosdaq
보로노이,310210,kosdaq
위니아에이드,377460,kosdaq
케이비제21호스팩,424140,kosdaq
비플라이소프트,148780,kosdaq
범한퓨얼셀,382900,kosdaq
청담글로벌,362320,kosdaq
하나금융22호스팩,418170,kosdaq
가온칩스,399720,kosdaq
대명에너지,389260,kosdaq
상상인제3호스팩,415580,kosdaq
신영스팩7호,419270,kosdaq
포바이포,389140,kosdaq
신한제9호스팩,405640,kosdaq
미래에셋비전스팩1호,412930,kosdaq
키움제6호스팩,413600,kosdaq
지투파워,388050,kosdaq
유진스팩8호,413630,kosdaq
세아메카닉스,396300,kosdaq
공구우먼,366030,kosdaq
유일로보틱스,388720,kosdaq
모아데이타,288980,kosdaq
메쎄이상,408920,kosdaq
노을,376930,kosdaq
비씨엔씨,146320,kosdaq
풍원정밀,371950,kosdaq
스톤브릿지벤처스,330730,kosdaq
하나금융21호스팩,406760,kosdaq
브이씨,365900,kosdaq
퓨런티어,370090,kosdaq
바이오에프디엔씨,251120,kosdaq
한국제10호스팩,409570,kosdaq
IBKS제17호스팩,405350,kosdaq
인카금융서비스,211050,kosdaq
나래나노텍,137080,kosdaq
아셈스,136410,kosdaq
스코넥,276040,kosdaq
이지트로닉스,377330,kosdaq
애드바이오텍,179530,kosdaq
애드바이오텍,179530,kosdaq
케이옥션,102370,kosdaq
디비금융스팩10호,404950,kosdaq
오토앤,353590,kosdaq
래몽래인,200350,kosdaq
하나금융20호스팩,400560,kosdaq
교보11호스팩,397880,kosdaq
하이제7호스팩,400840,kosdaq
우리벤처파트너스,298870,kosdaq
툴젠,199800,kosdaq
마음AI,377480,kosdaq
알비더블유,361570,kosdaq
바이옵트로,222160,kosdaq
트윔,290090,kosdaq
아이티아이즈,372800,kosdaq
지오엘리먼트,311320,kosdaq
디어유,376300,kosdaq
비트나인,357880,kosdaq
지니너스,389030,kosdaq
피코그램,376180,kosdaq
엔켐,348370,kosdaq
리파인,377450,kosdaq
지앤비에스 에코,382800,kosdaq
아이패밀리에스씨,114840,kosdaq
차백신연구소,261780,kosdaq
지아이텍,382480,kosdaq
코닉오토메이션,391710,kosdaq
씨유테크,376290,kosdaq
아스플로,159010,kosdaq
원준,382840,kosdaq
엔에이치스팩20호,391060,kosdaq
실리콘투,257720,kosdaq
에스앤디,260970,kosdaq
프롬바이오,377220,kosdaq
바이오플러스,099430,kosdaq
신한제8호스팩,393360,kosdaq
유진스팩7호,388800,kosdaq
와이엠텍,273640,kosdaq
에이비온,203400,kosdaq
라이콤,388790,kosdaq
바이젠셀,308080,kosdaq
브레인즈컴퍼니,099390,kosdaq
딥노이드,315640,kosdaq
엠로,058970,kosdaq
플래티어,367000,kosdaq
원티드랩,376980,kosdaq
HK이노엔,195940,kosdaq
한화플러스제2호스팩,386580,kosdaq
에브리봇,270660,kosdaq
맥스트,377030,kosdaq
큐라클,365270,kosdaq
오비고,352910,kosdaq
아모센스,357580,kosdaq
이노뎁,303530,kosdaq
라온테크,232680,kosdaq
삼성머스트스팩5호,380320,kosdaq
LB루셈,376190,kosdaq
에이디엠코리아,187660,kosdaq
에코프로에이치엔,383310,kosdaq
제주맥주,276730,kosdaq
진시스템,363250,kosdaq
삼성스팩4호,377630,kosdaq
삼영에스앤씨,361670,kosdaq
샘씨엔에스,252990,kosdaq
씨앤씨인터내셔널,352480,kosdaq
에이치피오,357230,kosdaq
하이제6호스팩,377400,kosdaq
쿠콘,294570,kosdaq
이삭엔지니어링,351330,kosdaq
해성티피씨,059270,kosdaq
유진스팩6호,373340,kosdaq
유안타제8호스팩,367480,kosdaq
엔시스,333620,kosdaq
자이언트스텝,289220,kosdaq
제노코,361390,kosdaq
라이프시맨틱스,347700,kosdaq
바이오다인,314930,kosdaq
DB금융스팩9호,367360,kosdaq
네오이뮨텍,950220,kosdaq
싸이버원,356890,kosdaq
프레스티지바이오로직스,334970,kosdaq
나노씨엠에스,247660,kosdaq
하나머스트7호스팩,372290,kosdaq
뷰노,338220,kosdaq
하인크코리아,373200,kosdaq
유일에너테크,340930,kosdaq
씨이랩,189330,kosdaq
오로스테크놀로지,322310,kosdaq
피엔에이치테크,239890,kosdaq
모비데이즈,363260,kosdaq
아이퀘스트,262840,kosdaq
신한제7호스팩,366330,kosdaq
레인보우로보틱스,277810,kosdaq
와이더플래닛,321820,kosdaq
핑거,163730,kosdaq
모비릭스,348030,kosdaq
씨앤투스,352700,kosdaq
선진뷰티사이언스,086710,kosdaq
엔비티,236810,kosdaq
파이버프로,368770,kosdaq
블리츠웨이,369370,kosdaq
석경에이티,357550,kosdaq
지놈앤컴퍼니,314130,kosdaq
프리시젼바이오,335810,kosdaq
알체라,347860,kosdaq
하이딥,365590,kosdaq
에프앤가이드,064850,kosdaq
에이치엠씨제5호스팩,353060,kosdaq
티엘비,356860,kosdaq
인바이오,352940,kosdaq
엔젠바이오,354200,kosdaq
DB금융스팩8호,367340,kosdaq
퀀타매트릭스,317690,kosdaq
클리노믹스,352770,kosdaq
포인트모바일,318020,kosdaq
앱코,129890,kosdaq
엔에프씨,265740,kosdaq
제일전기공업,199820,kosdaq
하나기술,299030,kosdaq
티앤엘,340570,kosdaq
고바이오랩,348150,kosdaq
네패스아크,330860,kosdaq
소룩스,290690,kosdaq
위드텍,348350,kosdaq
센코,347000,kosdaq
바이브컴퍼니,301300,kosdaq
미코바이오메드,214610,kosdaq
피플바이오,304840,kosdaq
넥스틴,348210,kosdaq
케이엔솔,053080,kosdaq
비나텍,126340,kosdaq
씨엔알리서치,359090,kosdaq
박셀바이오,323990,kosdaq
비비씨,318410,kosdaq
코스텍시스,355150,kosdaq
핌스,347770,kosdaq
압타머사이언스,291650,kosdaq
이오플로우,294090,kosdaq
카카오게임즈,293490,kosdaq
피엔케이피부임상연구센타,347740,kosdaq
아이디피,332370,kosdaq
셀레믹스,331920,kosdaq
미투젠,950190,kosdaq
브랜드엑스코퍼레이션,337930,kosdaq
영림원소프트랩,060850,kosdaq
한국파마,032300,kosdaq
솔브레인,357780,kosdaq
이루다,164060,kosdaq
와이팜,332570,kosdaq
에코앤드림,101360,kosdaq
엠투아이,347890,kosdaq
더네이쳐홀딩스,298540,kosdaq
제놀루션,225220,kosdaq
솔트룩스,304100,kosdaq
티에스아이,277880,kosdaq
에이프로,262260,kosdaq
소마젠,950200,kosdaq
신도기연,290520,kosdaq
위더스제약,330350,kosdaq
엠브레인,169330,kosdaq
젠큐릭스,229000,kosdaq
HB솔루션,297890,kosdaq
에스에이티이엔지,351320,kosdaq
에스씨엠생명과학,298060,kosdaq
휴럼,353190,kosdaq
이지바이오,353810,kosdaq
드림씨아이에스,223250,kosdaq
엔피디,198080,kosdaq
플레이디,237820,kosdaq
서울바이오시스,092190,kosdaq
제이앤티씨,204270,kosdaq
켄코아에어로스페이스,274090,kosdaq
레몬,294140,kosdaq
서남,294630,kosdaq
위세아이텍,065370,kosdaq
세림B&G,340440,kosdaq
CJ 바이오사이언스,311690,kosdaq
피피아이,062970,kosdaq
RF머트리얼즈,327260,kosdaq
아이비김영,339950,kosdaq
브릿지바이오,288330,kosdaq
다보링크,340360,kosdaq
메드팩토,235980,kosdaq
원텍,336570,kosdaq
신테카바이오,226330,kosdaq
제이엘케이,322510,kosdaq
태웅로직스,124560,kosdaq
윙스풋,335870,kosdaq
리메드,302550,kosdaq
비올,335890,kosdaq
웨이버스,336060,kosdaq
HLB바이오스텝,278650,kosdaq
티움바이오,321550,kosdaq
씨에스베어링,297090,kosdaq
우양,103840,kosdaq
코리아에셋투자증권,190650,kosdaq
에스제이그룹,306040,kosdaq
제테마,216080,kosdaq
제테마,216080,kosdaq
라파스,214260,kosdaq
아이티엠반도체,084850,kosdaq
일승,333430,kosdaq
미디어젠,279600,kosdaq
모코엠시스,333050,kosdaq
티라유텍,322180,kosdaq
밸로프,331520,kosdaq
캐리소프트,317530,kosdaq
케이엔제이,272110,kosdaq
엔바이오니아,317870,kosdaq
팜스빌,318010,kosdaq
라온피플,300120,kosdaq
아톤,158430,kosdaq
녹십자웰빙,234690,kosdaq
누보,332290,kosdaq
포커스에이치엔에스,331380,kosdaq
올리패스,244460,kosdaq
라닉스,317120,kosdaq
윈텍,320000,kosdaq
한독크린텍,256150,kosdaq
네오크레마,311390,kosdaq
마니커에프앤지,195500,kosdaq
솔트웨어,328380,kosdaq
나노브릭,286750,kosdaq
에스피시스템스,317830,kosdaq
레이,228670,kosdaq
그린플러스,186230,kosdaq
코윈테크,282880,kosdaq
덕산테코피아,317330,kosdaq
KBG,318000,kosdaq
엑스페릭스,317770,kosdaq
세경하이테크,148150,kosdaq
윌링스,313760,kosdaq
대모,317850,kosdaq
에이스토리,241840,kosdaq
플리토,300080,kosdaq
헥토파이낸셜,234340,kosdaq
아이스크림에듀,289010,kosdaq
펌텍코리아,251970,kosdaq
에이에프더블류,312610,kosdaq
태성,323280,kosdaq
엠에프엠코리아,323230,kosdaq
압타바이오,293780,kosdaq
까스텔바작,308100,kosdaq
마이크로디지탈,305090,kosdaq
코퍼스코리아,322780,kosdaq
프로이천,321260,kosdaq
수젠텍,253840,kosdaq
컴퍼니케이,307930,kosdaq
피에스케이,319660,kosdaq
현대무벡스,319400,kosdaq
TS트릴리온,317240,kosdaq
아모그린텍,125210,kosdaq
지노믹트리,228760,kosdaq
이지케어텍,099750,kosdaq
미래에셋벤처투자,100790,kosdaq
에코프로비엠,247540,kosdaq
셀리드,299660,kosdaq
천보,278280,kosdaq
이노테라피,246960,kosdaq
노랑풍선,104620,kosdaq
웹케시,053580,kosdaq
비피도,238200,kosdaq
비피도,238200,kosdaq
유틸렉스,263050,kosdaq
디케이티,290550,kosdaq
아이엘사이언스,307180,kosdaq
애니플러스,310200,kosdaq
디와이씨,310870,kosdaq
오하임아이엔티,309930,kosdaq
위지윅스튜디오,299900,kosdaq
국전약품,307750,kosdaq
에이비엘바이오,298380,kosdaq
머큐리,100590,kosdaq
전진바이오팜,110020,kosdaq
뉴트리,270870,kosdaq
비투엔,307870,kosdaq
이노메트리,302430,kosdaq
대유에이피,290120,kosdaq
에코캡,128540,kosdaq
원바이오젠,307280,kosdaq
베스파,299910,kosdaq
윙입푸드,900340,kosdaq
남화산업,111710,kosdaq
엠아이텍,179290,kosdaq
티로보틱스,117730,kosdaq
네오펙트,290660,kosdaq
티앤알바이오팹,246710,kosdaq
디알젬,263690,kosdaq
싸이토젠,217330,kosdaq
아주IB투자,027360,kosdaq
파멥신,208340,kosdaq
디케이앤디,263020,kosdaq
에이치앤비디자인,227100,kosdaq
노바렉스,194700,kosdaq
셀리버리,268600,kosdaq
대보마그네틱,290670,kosdaq
노바텍,285490,kosdaq
엘앤씨바이오,290650,kosdaq
네온테크,306620,kosdaq
로보티즈,108490,kosdaq
옵티팜,153710,kosdaq
에스퓨얼셀,288620,kosdaq
나우IB,293580,kosdaq
푸드나무,290720,kosdaq
크리스에프앤씨,110790,kosdaq
더블유에스아이,299170,kosdaq
지티지웰니스,219750,kosdaq
명성티엔에스,257370,kosdaq
엔피,291230,kosdaq
디지캡,197140,kosdaq
지니틱스,303030,kosdaq
액트로,290740,kosdaq
오파스넷,173130,kosdaq
에이피티씨,089970,kosdaq
바이오솔루션,086820,kosdaq
대유,290380,kosdaq
디아이티,110990,kosdaq
에스에스알,275630,kosdaq
휴네시온,290270,kosdaq
한국유니온제약,080720,kosdaq
한국유니온제약,080720,kosdaq
그리티,204020,kosdaq
알로이스,297570,kosdaq
올릭스,226950,kosdaq
아이큐어,175250,kosdaq
SV인베스트먼트,289080,kosdaq
EDGC,245620,kosdaq
카이노스메드,284620,kosdaq
파워넷,037030,kosdaq
카나리아바이오,016790,kosdaq
세종메디칼,258830,kosdaq
제노레이,122310,kosdaq
제이시스메디칼,287410,kosdaq
JTC,950170,kosdaq
네오셈,253590,kosdaq
케어랩스,263700,kosdaq
린드먼아시아,277070,kosdaq
오스테오닉,226400,kosdaq
엔지켐생명과학,183490,kosdaq
동구바이오제약,006620,kosdaq
아시아종묘,154030,kosdaq
알리코제약,260660,kosdaq
카페24,042000,kosdaq
링크제니시스,219420,kosdaq
배럴,267790,kosdaq
SG,255220,kosdaq
씨앤지하이테크,264660,kosdaq
시스웍,269620,kosdaq
디바이스이엔지,187870,kosdaq
레이크머티리얼즈,281740,kosdaq
씨티케이,260930,kosdaq
메카로,241770,kosdaq
에스트래픽,234300,kosdaq
체리부로,066360,kosdaq
대원,007680,kosdaq
비즈니스온,138580,kosdaq
스튜디오드래곤,253450,kosdaq
비디아이,148140,kosdaq
코오롱티슈진,950160,kosdaq
영화테크,265560,kosdaq
폴라리스세원,234100,kosdaq
상신전자,263810,kosdaq
야스,255440,kosdaq
인산가,277410,kosdaq
휴엠앤씨,263920,kosdaq
신흥에스이씨,243840,kosdaq
유티아이,179900,kosdaq
선익시스템,171090,kosdaq
엠플러스,259630,kosdaq
앱클론,174900,kosdaq
어스앤에어로스페이스,263540,kosdaq
펄어비스,263750,kosdaq
케이피에스,256940,kosdaq
덕우전자,263600,kosdaq
지오릿에너지,270520,kosdaq
케일럼,258610,kosdaq
알에스오토메이션,140670,kosdaq
컬러레이,900310,kosdaq
와이즈버즈,273060,kosdaq
모트렉스,118990,kosdaq
데이타솔루션,263800,kosdaq
지니언스,263860,kosdaq
디앤씨미디어,263720,kosdaq
셀트리온헬스케어,091990,kosdaq
이즈미디어,181340,kosdaq
힘스,238490,kosdaq
브이원텍,251630,kosdaq
아우딘퓨쳐스,227610,kosdaq
이녹스첨단소재,272290,kosdaq
하림지주,003380,kosdaq
덴티스,261200,kosdaq
나인테크,267320,kosdaq
보라티알,250000,kosdaq
매일유업,267980,kosdaq
삼양옵틱스,225190,kosdaq
이랜시스,264850,kosdaq
필옵틱스,161580,kosdaq
포인트엔지니어링,256630,kosdaq
하나머티리얼즈,166090,kosdaq
소프트캠프,258790,kosdaq
와이엠티,251370,kosdaq
AP시스템,265520,kosdaq
유에스티,263770,kosdaq
이엘피,063760,kosdaq
유비쿼스,264450,kosdaq
서진시스템,178320,kosdaq
코미코,183300,kosdaq
아스타,246720,kosdaq
에스디생명공학,217480,kosdaq
신신제약,002800,kosdaq
에프엔에스테크,083500,kosdaq
모바일어플라이언스,087260,kosdaq
피씨엘,241820,kosdaq
서플러스글로벌,140070,kosdaq
유바이오로직스,206650,kosdaq
한국비엔씨,256840,kosdaq
DSC인베스트먼트,241520,kosdaq
TS인베스트먼트,246690,kosdaq
피엠티,147760,kosdaq
애니젠,196300,kosdaq
유니온커뮤니티,203450,kosdaq
신라젠,215600,kosdaq
자비스,254120,kosdaq
오션브릿지,241790,kosdaq
퓨쳐켐,220100,kosdaq
뉴파워프라즈마,144960,kosdaq
엘앤케이바이오,156100,kosdaq
핸디소프트,220180,kosdaq
클리오,237880,kosdaq
오가닉티코스메틱,900300,kosdaq
얼라인드,238120,kosdaq
세화피앤씨,252500,kosdaq
인크로스,216050,kosdaq
에이치엘사이언스,239610,kosdaq
코스메카코리아,241710,kosdaq
GRT,900290,kosdaq
골든센츄리,900280,kosdaq
인텔리안테크,189300,kosdaq
에이치시티,072990,kosdaq
잉글우드랩,950140,kosdaq
앤디포스,238090,kosdaq
수산아이앤티,050960,kosdaq
미투온,201490,kosdaq
예선테크,250930,kosdaq
유니테크노,241690,kosdaq
모비스,250060,kosdaq
나무기술,242040,kosdaq
자이글,234920,kosdaq
헝셩그룹,900270,kosdaq
에코마케팅,230360,kosdaq
엔지스테크널러지,208860,kosdaq
우리손에프앤지,073560,kosdaq
아이윈플러스,123010,kosdaq
장원테크,174880,kosdaq
위니아,071460,kosdaq
비엘,142760,kosdaq
피앤씨테크,237750,kosdaq
로스웰,900260,kosdaq
에스티팜,237690,kosdaq
지씨셀,144510,kosdaq
알엔투테크놀로지,148250,kosdaq
줌인터넷,239340,kosdaq
휴온스,243070,kosdaq
원익IPS,240810,kosdaq
레이언스,228850,kosdaq
동양파일,228340,kosdaq
팬젠,222110,kosdaq
AP위성,211270,kosdaq
에이트원,230980,kosdaq
큐리언트,115180,kosdaq
안트로젠,065660,kosdaq
슈프리마,236200,kosdaq
유니트론텍,142210,kosdaq
크리스탈신소재,900250,kosdaq
더코디,224060,kosdaq
에스와이,109610,kosdaq
와이아이케이,232140,kosdaq
육일씨엔에쓰,191410,kosdaq
커머스마이너,223310,kosdaq
휴젤,145020,kosdaq
휴젤,145020,kosdaq
한국맥널티,222980,kosdaq
덱스터,206560,kosdaq
아진산업,013310,kosdaq
HLB제약,047920,kosdaq
강스템바이오텍,217730,kosdaq
메가엠디,133750,kosdaq
보광산업,225530,kosdaq
파크시스템스,140860,kosdaq
에치에프알,230240,kosdaq
예스티,122640,kosdaq
코스맥스엔비티,222040,kosdaq
멕아이씨에스,058110,kosdaq
원익피앤이,217820,kosdaq
하이즈항공,221840,kosdaq
DXVX,180400,kosdaq
케이디켐,221980,kosdaq
네오오토,212560,kosdaq
엔투텍,227950,kosdaq
케어젠,214370,kosdaq
아이진,185490,kosdaq
나무가,190510,kosdaq
이노시스,056090,kosdaq
본느,226340,kosdaq
연우,115960,kosdaq
엔케이맥스,182400,kosdaq
KH 건설,226360,kosdaq
엑시콘,092870,kosdaq
뉴지랩파마,214870,kosdaq
케이엠제약,225430,kosdaq
한송네오텍,226440,kosdaq
패션플랫폼,225590,kosdaq
넥슨게임즈,225570,kosdaq
제너셈,217190,kosdaq
타이거일렉,219130,kosdaq
인포마크,175140,kosdaq
씨아이에스,222080,kosdaq
에이텍모빌리티,224110,kosdaq
웹스,196700,kosdaq
파인텍,131760,kosdaq
세토피아,222810,kosdaq
심텍,222800,kosdaq
흥국에프엔비,189980,kosdaq
쎄노텍,222420,kosdaq
칩스앤미디어,094360,kosdaq
아시아경제,127710,kosdaq
아이쓰리시스템,214430,kosdaq
로지시스,067730,kosdaq
켐트로스,220260,kosdaq
파마리서치,214450,kosdaq
파마리서치,214450,kosdaq
디와이디,219550,kosdaq
펩트론,087010,kosdaq
RFHIC,218410,kosdaq
동운아나텍,094170,kosdaq
일월지엠엘,178780,kosdaq
헥토이노베이션,214180,kosdaq
이큐셀,160600,kosdaq
코아스템켐온,166480,kosdaq
에스엘에너지,214310,kosdaq
베셀,177350,kosdaq
넵튠,217270,kosdaq
미래생명자원,218150,kosdaq
싸이맥스,160980,kosdaq
러셀,217500,kosdaq
픽셀플러스,087600,kosdaq
디딤이앤에프,217620,kosdaq
제노포커스,187420,kosdaq
우정바이오,215380,kosdaq
토박스코리아,215480,kosdaq
알비케이그룹,215790,kosdaq
우리산업,215360,kosdaq
메가스터디교육,215200,kosdaq
휴센텍,215090,kosdaq
로보로보,215100,kosdaq
디알텍,214680,kosdaq
에이비프로바이오,195990,kosdaq
골프존,215000,kosdaq
클래시스,214150,kosdaq
FSN,214270,kosdaq
포시에스,189690,kosdaq
덕산네오룩스,213420,kosdaq
국일신동,060480,kosdaq
바디텍메드,206640,kosdaq
바디텍메드,206640,kosdaq
스튜디오산타클로스,204630,kosdaq
썸에이지,208640,kosdaq
와이제이엠게임즈,193250,kosdaq
에이팩트,200470,kosdaq
휴메딕스,200670,kosdaq
바이오로그디바이스,208710,kosdaq
서전기전,189860,kosdaq
아스트,067390,kosdaq
오킨스전자,080580,kosdaq
지란지교시큐리티,208350,kosdaq
NEW,160550,kosdaq
아이티센,124500,kosdaq
녹십자엠에스,142280,kosdaq
디티앤씨,187220,kosdaq
셀바스헬스케어,208370,kosdaq
정다운,208140,kosdaq
하이로닉,149980,kosdaq
랩지노믹스,084650,kosdaq
에이디테크놀로지,200710,kosdaq
비씨월드제약,200780,kosdaq
미스터블루,207760,kosdaq
알테오젠,196170,kosdaq
베노홀딩스,206400,kosdaq
대창스틸,140520,kosdaq
에프엔씨엔터,173940,kosdaq
휴마시스,205470,kosdaq
텔콘RF제약,200230,kosdaq
지엘팜텍,204840,kosdaq
글로벌텍스프리,204620,kosdaq
디에이테크놀로지,196490,kosdaq
액션스퀘어,205500,kosdaq
엑셈,205100,kosdaq
테고사이언스,191420,kosdaq
슈피겐코리아,192440,kosdaq
영우디에스피,143540,kosdaq
드림시큐리티,203650,kosdaq
메디아나,041920,kosdaq
메디아나,041920,kosdaq
데브시스터즈,194480,kosdaq
프로스테믹스,203690,kosdaq
휴림네트웍스,192410,kosdaq
고려시멘트,198440,kosdaq
신화콘텍,187270,kosdaq
파버나인,177830,kosdaq
덕신하우징,090410,kosdaq
창해에탄올,004650,kosdaq
윈하이텍,192390,kosdaq
아진엑스텍,059120,kosdaq
콜마비앤에이치,200130,kosdaq
트루윈,105550,kosdaq
코아시아씨엠,196450,kosdaq
캐스텍코리아,071850,kosdaq
나노,187790,kosdaq
케이사인,192250,kosdaq
오이솔루션,138080,kosdaq
한국정보인증,053300,kosdaq
다산솔루에타,154040,kosdaq
현대이지웰,090850,kosdaq
SGA솔루션즈,184230,kosdaq
기가레인,049080,kosdaq
인트로메딕,150840,kosdaq
알티캐스트,085810,kosdaq
현대공업,170030,kosdaq
엔브이에이치코리아,067570,kosdaq
탑코미디어,134580,kosdaq
큐브엔터,182360,kosdaq
라이온켐텍,171120,kosdaq
램테크놀러지,171010,kosdaq
THE MIDONG,161570,kosdaq
협진,138360,kosdaq
해성옵틱스,076610,kosdaq
내츄럴엔도텍,168330,kosdaq
두산테스나,131970,kosdaq
파수,150900,kosdaq
엘티씨,170920,kosdaq
지엔씨에너지,119850,kosdaq
아미코젠,092040,kosdaq
GH신소재,130500,kosdaq
파이오링크,170790,kosdaq
KG ETS,151860,kosdaq
나스미디어,089600,kosdaq
엑세스바이오,950130,kosdaq
레고켐바이오,141080,kosdaq
윈팩,097800,kosdaq
코렌텍,104540,kosdaq
제로투세븐,159580,kosdaq
한솔아이원스,114810,kosdaq
우리이앤엘,153490,kosdaq
아이센스,099190,kosdaq
디에스앤엘,141020,kosdaq
스킨앤스킨,159910,kosdaq
SBI핀테크솔루션즈,950110,kosdaq
우리로,046970,kosdaq
디젠스,113810,kosdaq
와이엠씨,155650,kosdaq
아바텍,149950,kosdaq
코이즈,121850,kosdaq
SBW생명과학,151910,kosdaq
네이블커뮤니케이션즈,153460,kosdaq
노블엠앤비,106520,kosdaq
피엔티,137400,kosdaq
비아트론,141000,kosdaq
빛샘전자,072950,kosdaq
사람인,143240,kosdaq
제룡산업,147830,kosdaq
남화토건,091590,kosdaq
메지온,140410,kosdaq
원익머트리얼즈,104830,kosdaq
디엔에이링크,127120,kosdaq
나이스디앤비,130580,kosdaq
시큐브,131090,kosdaq
서암기계공업,100660,kosdaq
씨유메디칼,115480,kosdaq
씨유메디칼,115480,kosdaq
키네마스터,139670,kosdaq
비덴트,121800,kosdaq
신진에스엠,138070,kosdaq
이엠넷,123570,kosdaq
와이지엔터테인먼트,122870,kosdaq
스마트솔루션즈,136510,kosdaq
에이티세미콘,089530,kosdaq
테크윙,089030,kosdaq
씨큐브,101240,kosdaq
에스엠코어,007820,kosdaq
씨엔플러스,115530,kosdaq
로보스타,090360,kosdaq
대한과학,131220,kosdaq
대한과학,131220,kosdaq
아이디스,143160,kosdaq
제이씨케미칼,137950,kosdaq
아이씨디,040910,kosdaq
제닉,123330,kosdaq
시티랩스,139050,kosdaq
상아프론테크,089980,kosdaq
나이벡,138610,kosdaq
옵티시스,109080,kosdaq
대양전기공업,108380,kosdaq
서연탑메탈,019770,kosdaq
넥스트아이,137940,kosdaq
초록뱀이앤엠,131100,kosdaq
엘아이에스,138690,kosdaq
KX,122450,kosdaq
골프존뉴딘홀딩스,121440,kosdaq
윈스,136540,kosdaq
하림,136480,kosdaq
이퓨쳐,134060,kosdaq
티케이케미칼,104480,kosdaq
부스타,008470,kosdaq
나노신소재,121600,kosdaq
케이아이엔엑스,093320,kosdaq
티피씨글로벌,130740,kosdaq
LB세미콘,061970,kosdaq
딜리,131180,kosdaq
제이엔케이히터,126880,kosdaq
블루콤,033560,kosdaq
인트론바이오,048530,kosdaq
커넥트웨이브,119860,kosdaq
알서포트,131370,kosdaq
인텍플러스,064290,kosdaq
티에스이,131290,kosdaq
이브이첨단소재,131400,kosdaq
대정화금,120240,kosdaq
피제이메탈,128660,kosdaq
옵투스제약,131030,kosdaq
에이루트,096690,kosdaq
티비씨,033830,kosdaq
시그네틱스,033170,kosdaq
한국전자인증,041460,kosdaq
BGF에코머티리얼즈,126600,kosdaq
디케이락,105740,kosdaq
위메이드플레이,123420,kosdaq
KH 전자,111870,kosdaq
아나패스,123860,kosdaq
KNN,058400,kosdaq
누리플랜,069140,kosdaq
아이텍,119830,kosdaq
인화정공,101930,kosdaq
지나인제약,078650,kosdaq
셀피글로벌,068940,kosdaq
한일진공,123840,kosdaq
알파홀딩스,117670,kosdaq
포메탈,119500,kosdaq
다원시스,068240,kosdaq
씨젠,096530,kosdaq
와이솔,122990,kosdaq
하이비젼시스템,126700,kosdaq
화신정공,126640,kosdaq
코리아에프티,123410,kosdaq
엠에스오토텍,123040,kosdaq
이글루,067920,kosdaq
인터로조,119610,kosdaq
하이텍팜,106190,kosdaq
크루셜텍,114120,kosdaq
에스디시스템,121890,kosdaq
알톤스포츠,123750,kosdaq
유비벨록스,089850,kosdaq
오르비텍,046120,kosdaq
엑스큐어,070300,kosdaq
투비소프트,079970,kosdaq
인피니트헬스케어,071200,kosdaq
서진오토모티브,122690,kosdaq
인지소프트,100030,kosdaq
이스트아시아홀딩스,900110,kosdaq
애머릿지,900100,kosdaq
케이씨에스,115500,kosdaq
씨케이에이치,900120,kosdaq
HLB테라퓨틱스,115450,kosdaq
삼기,122350,kosdaq
이미지스,115610,kosdaq
인포바인,115310,kosdaq
하이소닉,106080,kosdaq
모베이스,101330,kosdaq
스타플렉스,115570,kosdaq
우리넷,115440,kosdaq
아세아텍,050860,kosdaq
폴라리스우노,114630,kosdaq
코디,080530,kosdaq
글로벌에스엠,900070,kosdaq
ITX-AI,099520,kosdaq
그린생명과학,114450,kosdaq
디와이피엔에프,104460,kosdaq
멜파스,096640,kosdaq
위메이드,112040,kosdaq
셀바스AI,108860,kosdaq
이원컴포텍,088290,kosdaq
강원에너지,114190,kosdaq
휴맥스,115160,kosdaq
에이프로젠 H&G,109960,kosdaq
동방선기,099410,kosdaq
상상인인더스트리,101000,kosdaq
진매트릭스,109820,kosdaq
비츠로셀,082920,kosdaq
한스바이오메드,042520,kosdaq
NHN벅스,104200,kosdaq
아이앤씨,052860,kosdaq
케이엔더블유,105330,kosdaq
디에스케이,109740,kosdaq
제넥신,095700,kosdaq
톱텍,108230,kosdaq
동국S&C,100130,kosdaq
에스앤더블류,103230,kosdaq
컴투스홀딩스,063080,kosdaq
동일금속,109860,kosdaq
어보브반도체,102120,kosdaq
위메이드맥스,101730,kosdaq
이엔에프테크놀로지,102710,kosdaq
스맥,099440,kosdaq
SDN,099220,kosdaq
한국정밀기계,101680,kosdaq
흥국,010240,kosdaq
우림피티에스,101170,kosdaq
티플랙스,081150,kosdaq
에스티오,098660,kosdaq
에이테크솔루션,071670,kosdaq
에스앤에스텍,101490,kosdaq
뷰웍스,100120,kosdaq
코오롱생명과학,102940,kosdaq
엔시트론,101400,kosdaq
파인테크닉스,106240,kosdaq
이수앱지스,086890,kosdaq
대성파인텍,104040,kosdaq
유비쿼스홀딩스,078070,kosdaq
메디톡스,086900,kosdaq
엠게임,058630,kosdaq
아이컴포넌트,059100,kosdaq
HLB생명과학,067630,kosdaq
이크레더블,092130,kosdaq
세운메디칼,100700,kosdaq
마이크로컨텍솔,098120,kosdaq
이엠앤아이,083470,kosdaq
아이엠,101390,kosdaq
웰크론한텍,076080,kosdaq
하이드로리튬,101670,kosdaq
슈프리마에이치큐,094840,kosdaq
서울옥션,063170,kosdaq
이스트소프트,047560,kosdaq
크레버스,096240,kosdaq
월덱스,101160,kosdaq
쎄트렉아이,099320,kosdaq
브리지텍,064480,kosdaq
고영,098460,kosdaq
조이시티,067000,kosdaq
우진비앤지,018620,kosdaq
테스,095610,kosdaq
예스24,053280,kosdaq
엘디티,096870,kosdaq
메타바이오메드,059210,kosdaq
효성오앤비,097870,kosdaq
텔레필드,091440,kosdaq
이트론,096040,kosdaq
에스맥,097780,kosdaq
에스코넥,096630,kosdaq
일신바이오,068330,kosdaq
서원인텍,093920,kosdaq
이씨에스,067010,kosdaq
대창솔루션,096350,kosdaq
아이에스이커머스,069920,kosdaq
알에프세미,096610,kosdaq
디엔에프,092070,kosdaq
일진파워,094820,kosdaq
비엠티,086670,kosdaq
이엠코리아,095190,kosdaq
현우산업,092300,kosdaq
케이알엠,093640,kosdaq
에스에너지,095910,kosdaq
성우전자,081580,kosdaq
엘엠에스,073110,kosdaq
제이엠티,094970,kosdaq
오디텍,080520,kosdaq
ISC,095340,kosdaq
네오티스,085910,kosdaq
미래나노텍,095500,kosdaq
상보,027580,kosdaq
바이오톡스텍,086040,kosdaq
옴니시스템,057540,kosdaq
푸른기술,094940,kosdaq
웨이브일렉트로,095270,kosdaq
빅솔론,093190,kosdaq
S&K폴리텍,091340,kosdaq
율호,072770,kosdaq
갤럭시아머니트리,094480,kosdaq
에코프로,086520,kosdaq
DSEN,065150,kosdaq
컴투스,078340,kosdaq
네오위즈,095660,kosdaq
앤씨앤,092600,kosdaq
엔텔스,069410,kosdaq
풍강,093380,kosdaq
동국제약,086450,kosdaq
케이프,064820,kosdaq
상신이디피,091580,kosdaq
한라IMS,092460,kosdaq
에프알텍,073540,kosdaq
이엠텍,091120,kosdaq
참좋은여행,094850,kosdaq
네오리진,094860,kosdaq
이베스트투자증권,078020,kosdaq
매커스,093520,kosdaq
오스템임플란트,048260,kosdaq
나노캠텍,091970,kosdaq
네오팜,092730,kosdaq
오스코텍,039200,kosdaq
켐트로닉스,089010,kosdaq
제이스텍,090470,kosdaq
동아엘텍,088130,kosdaq
휴온스글로벌,084110,kosdaq
케이씨티,089150,kosdaq
파트론,091700,kosdaq
유니테스트,086390,kosdaq
휴림로봇,090710,kosdaq
에스에이티,060540,kosdaq
큐에스아이,066310,kosdaq
멀티캠퍼스,067280,kosdaq
코세스,089890,kosdaq
성창오토텍,080470,kosdaq
넥스턴바이오,089140,kosdaq
제이티,089790,kosdaq
아이윈,090150,kosdaq
이녹스,088390,kosdaq
THE E&M,089230,kosdaq
바텍,043150,kosdaq
MDS테크,086960,kosdaq
루멘스,038060,kosdaq
CSA 코스믹,083660,kosdaq
티엘아이,062860,kosdaq
한국전자금융,063570,kosdaq
쇼박스,086980,kosdaq
팬엔터테인먼트,068050,kosdaq
루트로닉,085370,kosdaq
인포뱅크,039290,kosdaq
아이오케이,078860,kosdaq
동우팜투테이블,088910,kosdaq
제이브이엠,054950,kosdaq
팅크웨어,084730,kosdaq
진바이오텍,086060,kosdaq
TKG애강,022220,kosdaq
에이스테크,088800,kosdaq
셀트리온제약,068760,kosdaq
GST,083450,kosdaq
에너토크,019990,kosdaq
제우스,079370,kosdaq
뉴프렉스,085670,kosdaq
유진테크,084370,kosdaq
크리스탈지노믹스,083790,kosdaq
바이오니아,064550,kosdaq
헬릭스미스,084990,kosdaq
인콘,083640,kosdaq
차바이오텍,085660,kosdaq
대봉엘에스,078140,kosdaq
와이엔텍,067900,kosdaq
케이엠,083550,kosdaq
케이엠,083550,kosdaq
수성샐바시온,084180,kosdaq
모다이노칩,080420,kosdaq
비에이치아이,083650,kosdaq
케스피온,079190,kosdaq
비보존 제약,082800,kosdaq
자연과환경,043910,kosdaq
와토스코리아,079000,kosdaq
폴라리스오피스,041020,kosdaq
디아크,078590,kosdaq
서린바이오,038070,kosdaq
가비아,079940,kosdaq
덕산하이메탈,077360,kosdaq
아바코,083930,kosdaq
하나마이크론,067310,kosdaq
엘오티베큠,083310,kosdaq
코스나인,082660,kosdaq
이상네트웍스,080010,kosdaq
아리온,058220,kosdaq
메디포스트,078160,kosdaq
우리바이오,082850,kosdaq
모두투어,080160,kosdaq
가온그룹,078890,kosdaq
쏠리드,050890,kosdaq
옵트론텍,082210,kosdaq
젬백스,082270,kosdaq
플랜티넷,075130,kosdaq
이노와이어리스,073490,kosdaq
인베니아,079950,kosdaq
동양이엔피,079960,kosdaq
제주반도체,080220,kosdaq
한창산업,079170,kosdaq
디이엔티,079810,kosdaq
에스엔유,080000,kosdaq
iMBC,052220,kosdaq
서산,079650,kosdaq
KX하이텍,052900,kosdaq
손오공,066910,kosdaq
미래컴퍼니,049950,kosdaq
아이크래프트,052460,kosdaq
메가스터디,072870,kosdaq
케이에스피,073010,kosdaq
KG모빌리언스,046440,kosdaq
대주전자재료,078600,kosdaq
텔레칩스,054450,kosdaq
HB테크놀러지,078150,kosdaq
도이치모터스,067990,kosdaq
토비스,051360,kosdaq
제넨바이오,072520,kosdaq
국일제지,078130,kosdaq
DMS,068790,kosdaq
코드네이처,078940,kosdaq
시너지이노베이션,048870,kosdaq
신성델타테크,065350,kosdaq
한국경제TV,039340,kosdaq
다날,064260,kosdaq
형지I&C,011080,kosdaq
비케이홀딩스,050090,kosdaq
코엔텍,029960,kosdaq
YBM넷,057030,kosdaq
CS,065770,kosdaq
아미노로직스,074430,kosdaq
테라젠이텍스,066700,kosdaq
디에이피,066900,kosdaq
한양디지텍,078350,kosdaq
동국알앤에스,075970,kosdaq
라이트론,069540,kosdaq
듀오백,073190,kosdaq
삼진엘앤디,054090,kosdaq
에스텍파마,041910,kosdaq
세진티에스,067770,kosdaq
한솔인티큐브,070590,kosdaq
리튬포어스,073570,kosdaq
테라사이언스,073640,kosdaq
우주일렉트로,065680,kosdaq
피에이치씨,057880,kosdaq
드림어스컴퍼니,060570,kosdaq
버킷스튜디오,066410,kosdaq
아프리카TV,067160,kosdaq
원익QnC,074600,kosdaq
로체시스템즈,071280,kosdaq
에스텍,069510,kosdaq
오텍,067170,kosdaq
키이스트,054780,kosdaq
현대에버다임,041440,kosdaq
중앙백신,072020,kosdaq
휴비츠,065510,kosdaq
우리산업홀딩스,072470,kosdaq
디지털대성,068930,kosdaq
코스온,069110,kosdaq
유아이디,069330,kosdaq
티씨케이,064760,kosdaq
아모텍,052710,kosdaq
웰크론,065950,kosdaq
파워로직스,047310,kosdaq
이라이콤,041520,kosdaq
녹원씨엔아이,065560,kosdaq
홈캐스트,064240,kosdaq
씨씨에스,066790,kosdaq
웹젠,069080,kosdaq
대화제약,067080,kosdaq
대화제약,067080,kosdaq
우수AMS,066590,kosdaq
JW신약,067290,kosdaq
하츠,066130,kosdaq
SBS콘텐츠허브,046140,kosdaq
빅텍,065450,kosdaq
탑엔지니어링,065130,kosdaq
이루온,065440,kosdaq
재영솔루텍,049630,kosdaq
한국큐빅,021650,kosdaq
인터플렉스,051370,kosdaq
메디프론,065650,kosdaq
삼영이엔씨,065570,kosdaq
이엔코퍼레이션,066980,kosdaq
리더스코스메틱,016100,kosdaq
케이피엠테크,042040,kosdaq
엘앤에프,066970,kosdaq
디스플레이텍,066670,kosdaq
와이오엠,066430,kosdaq
초록뱀미디어,047820,kosdaq
웨스트라이즈,064090,kosdaq
쎌바이오텍,049960,kosdaq
NE능률,053290,kosdaq
테크엘,064520,kosdaq
KG이니시스,035600,kosdaq
비엘팜텍,065170,kosdaq
파라다이스,034230,kosdaq
플래스크,041590,kosdaq
새로닉스,042600,kosdaq
오리엔트정공,065500,kosdaq
DGP,060900,kosdaq
국보디자인,066620,kosdaq
아이톡시,052770,kosdaq
에스아이리소스,065420,kosdaq
젬백스링크,064800,kosdaq
리노스,039980,kosdaq
현대바이오,048410,kosdaq
에스피지,058610,kosdaq
토탈소프트,045340,kosdaq
서호전기,065710,kosdaq
파커스,065690,kosdaq
서울리거,043710,kosdaq
홈센타홀딩스,060560,kosdaq
아비코전자,036010,kosdaq
큐렉소,060280,kosdaq
소니드,060230,kosdaq
우원개발,046940,kosdaq
티사이언티픽,057680,kosdaq
인선이엔티,060150,kosdaq
와이어블,065530,kosdaq
SM Life Design,063440,kosdaq
지어소프트,051160,kosdaq
지엔코,065060,kosdaq
셀루메드,049180,kosdaq
KH바텍,060720,kosdaq
알에프텍,061040,kosdaq
에스폴리텍,050760,kosdaq
이랜텍,054210,kosdaq
ES큐브,050120,kosdaq
케이피티유,054410,kosdaq
3S,060310,kosdaq
화일약품,061250,kosdaq
오상자이엘,053980,kosdaq
농우바이오,054050,kosdaq
케이엘넷,039420,kosdaq
에스티아이,039440,kosdaq
잉크테크,049550,kosdaq
대한뉴팜,054670,kosdaq
씨티씨바이오,060590,kosdaq
인탑스,049070,kosdaq
KT서브마린,060370,kosdaq
피씨디렉트,051380,kosdaq
구영테크,053270,kosdaq
한국기업평가,034950,kosdaq
뉴보텍,060260,kosdaq
뉴보텍,060260,kosdaq
동양에스텍,060380,kosdaq
백금T&A,046310,kosdaq
파나케이아,058530,kosdaq
고려신용정보,049720,kosdaq
제일바이오,052670,kosdaq
서울반도체,046890,kosdaq
아가방컴퍼니,013990,kosdaq
엔터파트너즈,058450,kosdaq
미코,059090,kosdaq
유신,054930,kosdaq
프럼파스트,035200,kosdaq
한국컴퓨터,054040,kosdaq
대동스틸,048470,kosdaq
링네트,042500,kosdaq
큐로컴,040350,kosdaq
팬스타엔터프라이즈,054300,kosdaq
한빛소프트,047080,kosdaq
NHN KCP,060250,kosdaq
CNT85,056730,kosdaq
금강철강,053260,kosdaq
룽투코리아,060240,kosdaq
동아화성,041930,kosdaq
비츠로시스,054220,kosdaq
오리엔탈정공,014940,kosdaq
웰킵스하이텍,043590,kosdaq
리노공업,058470,kosdaq
성우테크론,045300,kosdaq
에스에프에이,056190,kosdaq
신화인터텍,056700,kosdaq
엑사이엔씨,054940,kosdaq
피에이치에이,043370,kosdaq
APS,054620,kosdaq
코위버,056360,kosdaq
성호전자,043260,kosdaq
MIT,038340,kosdaq
YW,051390,kosdaq
삼영엠텍,054540,kosdaq
이니텍,053350,kosdaq
에이디칩스,054630,kosdaq
유진로봇,056080,kosdaq
태웅,044490,kosdaq
경남제약,053950,kosdaq
삼보모터스,053700,kosdaq
한컴위드,054920,kosdaq
코미팜,041960,kosdaq
프리엠스,053160,kosdaq
코나아이,052400,kosdaq
메디콕스,054180,kosdaq
SGA,049470,kosdaq
엑서지21,043090,kosdaq
지에스이,053050,kosdaq
아이디스홀딩스,054800,kosdaq
코데즈컴바인,047770,kosdaq
안랩,053800,kosdaq
YTN,040300,kosdaq
CMG제약,058820,kosdaq
JYP Ent.,035900,kosdaq
한국테크놀로지,053590,kosdaq
KCC건설,021320,kosdaq
세동,053060,kosdaq
프로텍,053610,kosdaq
액토즈소프트,052790,kosdaq
세코닉스,053450,kosdaq
바이넥스,053030,kosdaq
오성첨단소재,052420,kosdaq
태양,053620,kosdaq
유아이엘,049520,kosdaq
초록뱀컴퍼니,052300,kosdaq
대원미디어,048910,kosdaq
중앙디앤엠,051980,kosdaq
CJ프레시웨이,051500,kosdaq
파인디앤씨,049120,kosdaq
디지아이,043360,kosdaq
코텍,052330,kosdaq
한네트,052600,kosdaq
에스티큐브,052020,kosdaq
티에스넥스젠,043220,kosdaq
스카이문스테크놀로지,033790,kosdaq
큐로홀딩스,051780,kosdaq
나라엠앤디,051490,kosdaq
에코바이오,038870,kosdaq
에이텍,045660,kosdaq
대아티아이,045390,kosdaq
캠시스,050110,kosdaq
현대바이오랜드,052260,kosdaq
SFA반도체,036540,kosdaq
삼표시멘트,038500,kosdaq
삼표시멘트,038500,kosdaq
HLB이노베이션,024850,kosdaq
SM C&C,048550,kosdaq
승일,049830,kosdaq
조광ILI,044060,kosdaq
TPC,048770,kosdaq
코메론,049430,kosdaq
블레이드 Ent,044480,kosdaq
삼화네트웍스,046390,kosdaq
성광벤드,014620,kosdaq
유라테크,048430,kosdaq
삼현철강,017480,kosdaq
오픈베이스,049480,kosdaq
KCI,036670,kosdaq
라온시큐어,042510,kosdaq
오로라,039830,kosdaq
금화피에스시,036190,kosdaq
코다코,046070,kosdaq
인바디,041830,kosdaq
고려제약,014570,kosdaq
크린앤사이언스,045520,kosdaq
포스코DX,022100,kosdaq
KD,044180,kosdaq
이글벳,044960,kosdaq
아즈텍WB,032080,kosdaq
오리콤,010470,kosdaq
위닉스,044340,kosdaq
상지카일룸,042940,kosdaq
엔피케이,048830,kosdaq
삼천당제약,000250,kosdaq
에이치케이,044780,kosdaq
정원엔시스,045510,kosdaq
한양이엔지,045100,kosdaq
누리플렉스,040160,kosdaq
에쎈테크,043340,kosdaq
국순당,043650,kosdaq
국순당,043650,kosdaq
엘컴텍,037950,kosdaq
이오테크닉스,039030,kosdaq
상상인,038540,kosdaq
서울제약,018680,kosdaq
나노엔텍,039860,kosdaq
파나진,046210,kosdaq
오공,045060,kosdaq
솔고바이오,043100,kosdaq
비츠로테크,042370,kosdaq
코아시아,045970,kosdaq
정상제이엘에스,040420,kosdaq
진양제약,007370,kosdaq
지니뮤직,043610,kosdaq
진성티이씨,036890,kosdaq
현대에이치티,039010,kosdaq
삼아제약,009300,kosdaq
삼아제약,009300,kosdaq
파루,043200,kosdaq
에스씨디,042110,kosdaq
한국정보공학,039740,kosdaq
디오,039840,kosdaq
네오위즈홀딩스,042420,kosdaq
다산네트웍스,039560,kosdaq
바이오스마트,038460,kosdaq
우리기술,032820,kosdaq
안국약품,001540,kosdaq
세중,039310,kosdaq
우리기술투자,041190,kosdaq
케이바이오,038530,kosdaq
HRS,036640,kosdaq
에스에이엠티,031330,kosdaq
NICE평가정보,030190,kosdaq
위즈코프,038620,kosdaq
이건홀딩스,039020,kosdaq
파인디지털,038950,kosdaq
나이스정보통신,036800,kosdaq
SG&G,040610,kosdaq
아이에이,038880,kosdaq
에스넷,038680,kosdaq
에스엠,041510,kosdaq
쌍용정보통신,010280,kosdaq
쎄니트,037760,kosdaq
대성미생물,036480,kosdaq
에코플라스틱,038110,kosdaq
케이엠더블유,032500,kosdaq
화성밸브,039610,kosdaq
경남스틸,039240,kosdaq
마크로젠,038290,kosdaq
희림,037440,kosdaq
레드캡투어,038390,kosdaq
솔브레인홀딩스,036830,kosdaq
에프에스티,036810,kosdaq
코맥스,036690,kosdaq
EG,037370,kosdaq
감성코퍼레이션,036620,kosdaq
성도이엔지,037350,kosdaq
제일테크노스,038010,kosdaq
무림SP,001810,kosdaq
세종텔레콤,036630,kosdaq
심텍홀딩스,036710,kosdaq
파세코,037070,kosdaq
SGC이테크건설,016250,kosdaq
영풍정밀,036560,kosdaq
서희건설,035890,kosdaq
주성엔지니어링,036930,kosdaq
케이티알파,036030,kosdaq
다우데이타,032190,kosdaq
동진쎄미켐,005290,kosdaq
선광,003100,kosdaq
제이에스티나,026040,kosdaq
지더블유바이텍,036180,kosdaq
클라우드에어,036170,kosdaq
한국팩키지,037230,kosdaq
삼지전자,037460,kosdaq
우리엔터프라이즈,037400,kosdaq
네패스,033640,kosdaq
인지디스플레,037330,kosdaq
위지트,036090,kosdaq
유니셈,036200,kosdaq
유성티엔에스,024800,kosdaq
코리아나,027050,kosdaq
SCI평가정보,036120,kosdaq
골드앤에스,035290,kosdaq
서울전자통신,027040,kosdaq
대성창투,027830,kosdaq
예림당,036000,kosdaq
CJ ENM,035760,kosdaq
이지홀딩스,035810,kosdaq
기산텔레콤,035460,kosdaq
바른손이앤에이,035620,kosdaq
솔본,035610,kosdaq
시공테크,020710,kosdaq
신일제약,012790,kosdaq
조아제약,034940,kosdaq
인성정보,033230,kosdaq
그래디언트,035080,kosdaq
동국산업,005160,kosdaq
매일홀딩스,005990,kosdaq
해성산업,034810,kosdaq
한국정보통신,025770,kosdaq
파라텍,033540,kosdaq
동성화인텍,033500,kosdaq
드래곤플라이,030350,kosdaq
엠케이전자,033160,kosdaq
엠투엔,033310,kosdaq
제이씨현시스템,033320,kosdaq
포스코엠텍,009520,kosdaq
스페코,013810,kosdaq
좋은사람들,033340,kosdaq
모아텍,033200,kosdaq
코웰패션,033290,kosdaq
코콤,015710,kosdaq
제룡전기,033100,kosdaq
제이엠아이,033050,kosdaq
디지틀조선,033130,kosdaq
바이온,032980,kosdaq
와이지-원,019210,kosdaq
특수건설,026150,kosdaq
아이즈비전,031310,kosdaq
동일기연,032960,kosdaq
소프트센,032680,kosdaq
원익,032940,kosdaq
원풍물산,008290,kosdaq
삼진,032750,kosdaq
비트컴퓨터,032850,kosdaq
휴먼엔,032860,kosdaq
엠젠솔루션,032790,kosdaq
판타지오,032800,kosdaq
유비케어,032620,kosdaq
피델릭스,032580,kosdaq
TJ미디어,032540,kosdaq
휴맥스홀딩스,028080,kosdaq
삼일,032280,kosdaq
뉴인텍,012340,kosdaq
오스템,031510,kosdaq
에스유홀딩스,031860,kosdaq
피에스케이홀딩스,031980,kosdaq
세보엠이씨,011560,kosdaq
한일단조,024740,kosdaq
양지사,030960,kosdaq
원익홀딩스,030530,kosdaq
한글과컴퓨터,030520,kosdaq
메이슨캐피탈,021880,kosdaq
광무,029480,kosdaq
대호특수강,021040,kosdaq
HLB,028300,kosdaq
팜스토리,027710,kosdaq
삼보판지,023600,kosdaq
삼목에스폼,018310,kosdaq
에이스침대,003800,kosdaq
원익큐브,014190,kosdaq
리드코프,012700,kosdaq
유니슨,018000,kosdaq
아난티,025980,kosdaq
광진실업,026910,kosdaq
인터엠,017250,kosdaq
성우하이텍,015750,kosdaq
대신정보통신,020180,kosdaq
서부T&D,006730,kosdaq
동신건설,025950,kosdaq
동화기업,025900,kosdaq
신라에스지,025870,kosdaq
케이씨피드,025880,kosdaq
한탑,002680,kosdaq
한국선재,025550,kosdaq
DH오토웨어,025440,kosdaq
시노펙스,025320,kosdaq
PN풍년,024940,kosdaq
삼천리자전거,024950,kosdaq
메디앙스,014100,kosdaq
KBI메탈,024840,kosdaq
경창산업,024910,kosdaq
대륙제관,004780,kosdaq
동원개발,013120,kosdaq
세원물산,024830,kosdaq
이화전기,024810,kosdaq
케이피에프,024880,kosdaq
KB오토시스,024120,kosdaq
신원종합개발,017000,kosdaq
흥구석유,024060,kosdaq
대한약품,023910,kosdaq
이화공영,001840,kosdaq
풍국주정,023900,kosdaq
대림제지,017650,kosdaq
대한광통신,010170,kosdaq
동일철강,023790,kosdaq
플레이위드,023770,kosdaq
한국캐피탈,023760,kosdaq
한일사료,005860,kosdaq
모베이스전자,012860,kosdaq
CNH,023460,kosdaq
국영지앤엠,006050,kosdaq
유진기업,023410,kosdaq
제이스코홀딩스,023440,kosdaq
보성파워텍,006910,kosdaq
브이티지엠피,018290,kosdaq
태광,023160,kosdaq
와이엠,007530,kosdaq
신라섬유,001000,kosdaq
원일특강,012620,kosdaq
서한,011370,kosdaq
바른손,018700,kosdaq
부방,014470,kosdaq
대명소노시즌,007720,kosdaq
대명소노시즌,007720,kosdaq
CBI,013720,kosdaq
대양제지,006580,kosdaq
유니크,011320,kosdaq
진로발효,018120,kosdaq
삼보산업,009620,kosdaq
푸드웰,005670,kosdaq
푸른저축은행,007330,kosdaq
피제이전자,006140,kosdaq
베뉴지,019010,kosdaq
엠에스씨,009780,kosdaq
대동금속,020400,kosdaq
광림,014200,kosdaq
대원산업,005710,kosdaq
큐캐피탈,016600,kosdaq
한국가구,004590,kosdaq
디모아,016670,kosdaq
중앙에너비스,000440,kosdaq
삼륭물산,014970,kosdaq
경동제약,011040,kosdaq
원풍,008370,kosdaq
네이처셀,007390,kosdaq
삼일기업공사,002290,kosdaq
일지테크,019540,kosdaq
한일화학,007770,kosdaq
한국알콜,017890,kosdaq
대주산업,003310,kosdaq
글로본,019660,kosdaq
세명전기,017510,kosdaq
에이티넘인베스트,021080,kosdaq
대동기어,008830,kosdaq
피에스텍,002230,kosdaq
코센,009730,kosdaq
카스,016920,kosdaq
하이록코리아,013030,kosdaq
SBI인베스트먼트,019550,kosdaq
리더스 기술투자,019570,kosdaq
엠벤처투자,019590,kosdaq
모헨즈,006920,kosdaq
